{
  "AI Engineer": {
    "count": 753,
    "mean": 93.8734395750332,
    "min": 61.7,
    "max": 98.0,
    "percentiles": [
      61.7,
      70.32,
      74.1,
      76.456,
      77.924,
      79.3,
      79.812,
      80.664,
      81.7,
      82.704,
      83.44,
      84.316,
      85.248,
      85.6,
      86.4,
      87.1,
      87.6,
      87.8,
      88.1,
      88.5,
      88.84,
      89.492,
      89.844,
      90.396,
      90.7,
      90.9,
      91.4,
      91.8,
      92.1,
      92.708,
      93.36,
      93.8,
      94.328,
      94.6,
      95.1,
      95.4,
      96.172,
      96.424,
      96.976,
      97.6,
      98.0,
      98.0,
      98.0,
      98.0,
      98.0,
      98.0,
      98.0,
      98.0,
      98.0,
      98.0,
      98.0,
      98.0,
      98.0,
      98.0,
      98.0,
      98.0,
      98.0,
      98.0,
      98.0,
      98.0,
      98.0,
      98.0,
      98.0,
      98.0,
      98.0,
      98.0,
      98.0,
      98.0,
      98.0,
      98.0,
      98.0,
      98.0,
      98.0,
      98.0,
      98.0,
      98.0,
      98.0,
      98.0,
      98.0,
      98.0,
      98.0,
      98.0,
      98.0,
      98.0,
      98.0,
      98.0,
      98.0,
      98.0,
      98.0,
      98.0,
      98.0,
      98.0,
      98.0,
      98.0,
      98.0,
      98.0,
      98.0,
      98.0,
      98.0,
      98.0,
      98.0
    ]
  },
  "Backend Developer": {
    "count": 6849,
    "mean": 92.9149364870784,
    "min": 54.8,
    "max": 98.0,
    "percentiles": [
      54.8,
      67.94800000000001,
      70.896,
      73.2,
      74.5,
      75.8,
      76.888,
      78.1,
      79.0,
      79.7,
      80.5,
      81.3,
      82.1,
      82.8,
      83.4,
      84.12,
      84.7,
      85.2,
      85.7,
      86.2,
      86.7,
      87.2,
      87.7,
      88.10399999999998,
      88.7,
      89.2,
      89.748,
      90.4,
      90.8,
      91.2,
      91.6,
      92.1,
      92.6,
      93.0,
      93.4,
      93.8,
      94.3,
      94.7,
      95.1,
      95.6,
      96.0,
      96.4,
      96.8,
      97.4,
      97.8,
      98.0,
      98.0,
      98.0,
      98.0,
      98.0,
      98.0,
      98.0,
      98.0,
      98.0,
      98.0,
      98.0,
      98.0,
      98.0,
      98.0,
      98.0,
      98.0,
      98.0,
      98.0,
      98.0,
      98.0,
      98.0,
      98.0,
      98.0,
      98.0,
      98.0,
      98.0,
      98.0,
      98.0,
      98.0,
      98.0,
      98.0,
      98.0,
      98.0,
      98.0,
      98.0,
      98.0,
      98.0,
      98.0,
      98.0,
      98.0,
      98.0,
      98.0,
      98.0,
      98.0,
      98.0,
      98.0,
      98.0,
      98.0,
      98.0,
      98.0,
      98.0,
      98.0,
      98.0,
      98.0,
      98.0,
      98.0
    ]
  },
  "Cloud Engineer": {
    "count": 1115,
    "mean": 91.42322869955156,
    "min": 53.9,
    "max": 98.0,
    "percentiles": [
      53.9,
      65.97,
      69.1,
      71.2,
      72.46799999999999,
      73.84,
      74.768,
      75.4,
      76.212,
      77.026,
      77.64,
      78.154,
      79.0,
      79.7,
      80.29599999999999,
      80.81,
      81.2,
      81.6,
      82.0,
      82.4,
      82.98,
      83.5,
      84.016,
      84.7,
      85.236,
      85.8,
      86.3,
      86.8,
      87.1,
      87.706,
      88.11999999999999,
      88.7,
      89.2,
      89.7,
      90.1,
      90.6,
      91.1,
      91.5,
      91.932,
      92.24600000000001,
      92.56,
      93.348,
      93.888,
      94.4,
      94.8,
      95.3,
      95.744,
      96.41599999999998,
      96.8,
      97.086,
      97.4,
      97.7,
      98.0,
      98.0,
      98.0,
      98.0,
      98.0,
      98.0,
      98.0,
      98.0,
      98.0,
      98.0,
      98.0,
      98.0,
      98.0,
      98.0,
      98.0,
      98.0,
      98.0,
      98.0,
      98.0,
      98.0,
      98.0,
      98.0,
      98.0,
      98.0,
      98.0,
      98.0,
      98.0,
      98.0,
      98.0,
      98.0,
      98.0,
      98.0,
      98.0,
      98.0,
      98.0,
      98.0,
      98.0,
      98.0,
      98.0,
      98.0,
      98.0,
      98.0,
      98.0,
      98.0,
      98.0,
      98.0,
      98.0,
      98.0,
      98.0
    ]
  },
  "Cybersecurity Analyst": {
    "count": 1316,
    "mean": 89.16990881458968,
    "min": 48.1,
    "max": 98.0,
    "percentiles": [
      48.1,
      60.9,
      63.7,
      66.045,
      67.46000000000001,
      69.3,
      70.28999999999999,
      71.60499999999999,
      72.3,
      73.1,
      73.94999999999999,
      74.565,
      75.2,
      75.89500000000001,
      76.6,
      77.2,
      77.9,
      78.5,
      78.97,
      79.3,
      79.6,
      80.0,
      80.23,
      80.9,
      81.4,
      81.875,
      82.2,
      82.705,
      83.22000000000001,
      83.7,
      84.2,
      84.465,
      85.0,
      85.3,
      85.8,
      86.3,
      86.94,
      87.4,
      87.77,
      88.185,
      88.7,
      89.0,
      89.3,
      89.845,
      90.3,
      90.975,
      91.3,
      91.905,
      92.2,
      92.535,
      93.25,
      93.7,
      94.3,
      94.7,
      95.01,
      95.8,
      96.1,
      96.655,
      97.1,
      97.58499999999998,
      98.0,
      98.0,
      98.0,
      98.0,
      98.0,
      98.0,
      98.0,
      98.0,
      98.0,
      98.0,
      98.0,
      98.0,
      98.0,
      98.0,
      98.0,
      98.0,
      98.0,
      98.0,
      98.0,
      98.0,
      98.0,
      98.0,
      98.0,
      98.0,
      98.0,
      98.0,
      98.0,
      98.0,
      98.0,
      98.0,
      98.0,
      98.0,
      98.0,
      98.0,
      98.0,
      98.0,
      98.0,
      98.0,
      98.0,
      98.0,
      98.0
    ]
  },
  "Data Analyst": {
    "count": 5354,
    "mean": 93.36931266342923,
    "min": 59.2,
    "max": 98.0,
    "percentiles": [
      59.2,
      68.653,
      72.006,
      73.7,
      75.4,
      76.5,
      77.9,
      78.771,
      79.9,
      80.7,
      81.6,
      82.4,
      83.2,
      83.9,
      84.6,
      85.0,
      85.6,
      86.2,
      86.7,
      87.3,
      87.9,
      88.5,
      88.8,
      89.2,
      89.7,
      90.125,
      90.6,
      91.1,
      91.6,
      92.1,
      92.68999999999998,
      93.1,
      93.5,
      94.0,
      94.5,
      95.0,
      95.408,
      96.0,
      96.4,
      96.867,
      97.4,
      97.8,
      98.0,
      98.0,
      98.0,
      98.0,
      98.0,
      98.0,
      98.0,
      98.0,
      98.0,
      98.0,
      98.0,
      98.0,
      98.0,
      98.0,
      98.0,
      98.0,
      98.0,
      98.0,
      98.0,
      98.0,
      98.0,
      98.0,
      98.0,
      98.0,
      98.0,
      98.0,
      98.0,
      98.0,
      98.0,
      98.0,
      98.0,
      98.0,
      98.0,
      98.0,
      98.0,
      98.0,
      98.0,
      98.0,
      98.0,
      98.0,
      98.0,
      98.0,
      98.0,
      98.0,
      98.0,
      98.0,
      98.0,
      98.0,
      98.0,
      98.0,
      98.0,
      98.0,
      98.0,
      98.0,
      98.0,
      98.0,
      98.0,
      98.0,
      98.0
    ]
  },
  "DevOps Engineer": {
    "count": 972,
    "mean": 92.04537037037038,
    "min": 48.9,
    "max": 98.0,