{
  "AI Engineer": {
    "count": 743,
    "mean": 93.99259757738896,
    "min": 62.6,
    "max": 98.0,
    "percentiles": [
      62.6,
      71.43599999999999,
      74.05199999999999,
      76.426,
      77.836,
      79.5,
      80.5,
      81.0,
      81.9,
      82.956,
      83.8,
      84.4,
      85.4,
      85.846,
      86.688,
      87.3,
      87.7,
      87.914,
      88.256,
      88.798,
      89.24,
      89.782,
      90.224,
      90.6,
      90.8,
      91.1,
      91.592,
      91.9,
      92.4,
      92.836,
      93.5,
      94.1,
      94.6,
      95.072,
      95.328,
      96.03999999999999,
      96.312,
      96.95400000000001,
      97.6,
      98.0,
      98.0,
      98.0,
      98.0,
      98.0,
      98.0,
      98.0,
      98.0,
      98.0,
      98.0,
      98.0,
      98.0,
      98.0,
      98.0,
      98.0,
      98.0,
      98.0,
      98.0,
      98.0,
      98.0,
      98.0,
      98.0,
      98.0,
      98.0,
      98.0,
      98.0,
      98.0,
      98.0,
      98.0,
      98.0,
      98.0,
      98.0,
      98.0,
      98.0,
      98.0,
      98.0,
      98.0,
      98.0,
      98.0,
      98.0,
      98.0,
      98.0,
      98.0,
      98.0,
      98.0,
      98.0,
      98.0,
      98.0,
      98.0,
      98.0,
      98.0,
      98.0,
      98.0,
      98.0,
      98.0,
      98.0,
      98.0,
      98.0,
      98.0,
      98.0,
      98.0,
      98.0
    ]
  },
  "Backend Developer": {
    "count": 6651,
    "mean": 92.84692527439483,
    "min": 54.8,
    "max": 98.0,
    "percentiles": [
      54.8,
      67.9,
      70.8,
      73.15,
      74.4,
      75.7,
      76.7,
      77.9,
      78.9,
      79.6,
      80.4,
      81.1,
      82.0,
      82.6,
      83.3,
      83.9,
      84.6,
      85.1,
      85.5,
      86.0,
      86.6,
      87.1,
      87.6,
      88.0,
      88.5,
      89.0,
      89.5,
      90.1,
      90.6,
      91.0,
      91.4,
      91.9,
      92.4,
      92.8,
      93.2,
      93.6,
      94.1,
      94.5,
      94.9,
      95.4,
      95.8,
      96.2,
      96.6,
      97.2,
      97.6,
      98.0,
      98.0,
      98.0,
      98.0,
      98.0,
      98.0,
      98.0,
      98.0,
      98.0,
      98.0,
      98.0,
      98.0,
      98.0,
      98.0,
      98.0,
      98.0,
      98.0,
      98.0,
      98.0,
      98.0,
      98.0,
      98.0,
      98.0,
      98.0,
      98.0,
      98.0,
      98.0,
      98.0,
      98.0,
      98.0,
      98.0,
      98.0,
      98.0,
      98.0,
      98.0,
      98.0,
      98.0,
      98.0,
      98.0,
      98.0,
      98.0,
      98.0,
      98.0,
      98.0,
      98.0,
      98.0,
      98.0,
      98.0,
      98.0,
      98.0,
      98.0,
      98.0,
      98.0,
      98.0,
      98.0,
      98.0
    ]
  },
  "Cloud Engineer": {
    "count": 1127,
    "mean": 91.71969831410826,
    "min": 53.9,
    "max": 98.0,
    "percentiles": [
      53.9,
      66.03,
      69.1,
      71.1,
      72.316,
      74.13,
      75.012,
      75.982,
      76.8,
      77.5,
      78.06,
      78.958,
      79.712,
      80.538,
      80.9,
      81.3,
      81.8,
      82.142,
      82.568,
      83.3,
      83.72,
      84.4,
      85.0,
      85.4,
      86.0,
      86.6,
      86.976,
      87.4,
      87.9,
      88.55399999999999,
      88.9,
      89.506,
      89.9,
      90.5,
      90.8,
      91.2,
      91.53599999999999,
      92.0,
      92.4,
      92.91400000000002,
      93.64,
      94.2,
      94.5,
      94.9,
      95.4,
      95.94,
      96.5,
      96.8,
      97.148,
      97.474,
      97.7,
      98.0,
      98.0,
      98.0,
      98.0,
      98.0,
      98.0,
      98.0,
      98.0,
      98.0,
      98.0,
      98.0,
      98.0,
      98.0,
      98.0,
      98.0,
      98.0,
      98.0,
      98.0,
      98.0,
      98.0,
      98.0,
      98.0,
      98.0,
      98.0,
      98.0,
      98.0,
      98.0,
      98.0,
      98.0,
      98.0,
      98.0,
      98.0,
      98.0,
      98.0,
      98.0,
      98.0,
      98.0,
      98.0,
      98.0,
      98.0,
      98.0,
      98.0,
      98.0,
      98.0,
      98.0,
      98.0,
      98.0,
      98.0,
      98.0,
      98.0
    ]
  },
  "Cybersecurity Analyst": {
    "count": 1295,
    "mean": 89.1188416988417,
    "min": 48.1,
    "max": 98.0,
    "percentiles": [
      48.1,
      60.894,
      63.688,
      65.946,
      67.376,
      69.0,
      70.2,
      71.2,
      72.3,
      73.0,
      73.8,
      74.5,
      75.128,
      75.8,
      76.516,
      77.2,
      77.9,
      78.498,
      78.9,
      79.2,
      79.48,
      79.8,
      80.2,
      80.8,
      81.3,
      81.8,
      82.2,
      82.63799999999999,
      83.1,
      83.526,
      84.1,
      84.314,
      84.80799999999999,
      85.2,
      85.796,
      86.1,
      86.684,
      87.27799999999999,
      87.672,
      88.0,
      88.6,
      88.9,
      89.196,
      89.74199999999999,
      90.3,
      90.9,
      91.3,
      91.9,
      92.2,
      92.5,
      93.2,
      93.694,
      94.3,
      94.682,
      94.976,
      95.8,
      96.1,
      96.758,
      97.152,
      97.7,
      98.0,
      98.0,
      98.0,
      98.0,
      98.0,
      98.0,
      98.0,
      98.0,
      98.0,
      98.0,
      98.0,
      98.0,
      98.0,
      98.0,
      98.0,
      98.0,
      98.0,
      98.0,
      98.0,
      98.0,
      98.0,
      98.0,
      98.0,
      98.0,
      98.0,
      98.0,
      98.0,
      98.0,
      98.0,
      98.0,
      98.0,
      98.0,
      98.0,
      98.0,
      98.0,
      98.0,
      98.0,
      98.0,
      98.0,
      98.0,
      98.0
    ]
  },
  "Data Analyst": {
    "count": 5367,
    "mean": 93.36174771753308,
    "min": 59.2,
    "max": 98.0,
    "percentiles": [
      59.2,
      68.6,
      72.0,
      73.7,
      75.4,
      76.5,
      77.9,
      78.7,
      79.828,
      80.7,
      81.5,
      82.4,
      83.192,
      83.9,
      84.6,
      85.0,
      85.6,
      86.1,
      86.7,
      87.3,
      87.9,
      88.48599999999999,
      88.8,
      89.2,
      89.7,
      90.1,
      90.6,
      91.1,
      91.6,
      92.1,
      92.6,
      93.1,
      93.5,
      94.0,
      94.5,
      95.0,
      95.4,
      96.0,
      96.4,
      96.8,
      97.4,
      97.8,
      98.0,
      98.0,
      98.0,
      98.0,
      98.0,
      98.0,
      98.0,
      98.0,
      98.0,
      98.0,
      98.0,
      98.0,
      98.0,
      98.0,
      98.0,
      98.0,
      98.0,
      98.0,
      98.0,
      98.0,
      98.0,
      98.0,
      98.0,
      98.0,
      98.0,
      98.0,
      98.0,
      98.0,
      98.0,
      98.0,
      98.0,
      98.0,
      98.0,
      98.0,
      98.0,
      98.0,
      98.0,
      98.0,
      98.0,
      98.0,
      98.0,
      98.0,
      98.0,
      98.0,
      98.0,
      98.0,
      98.0,
      98.0,
      98.0,
      98.0,
      98.0,
      98.0,
      98.0,
      98.0,
      98.0,
      98.0,
      98.0,
      98.0,
      98.0
    ]
  },
  "DevOps Engineer": {
    "count": 957,
    "mean": 91.64743991640545,
    "min": 48.9,
    "max": 98.0,